{
  "version": 1,
  "author": "Anonymous maker",
  "editor": "wokwi",
  "parts": [
    { "type": "wokwi-pi-pico", "id": "pico", "top": 0, "left": 0, "attrs": {} },
    {
      "type": "wokwi-led",
      "id": "led1",
      "top": -53.33,
      "left": 118,
      "attrs": { "color": "green" }
    },
    {
      "type": "wokwi-led",
      "id": "led2",
      "top": -38.66,
      "left": -138,
      "attrs": { "color": "blue" }
    },
    {
      "type": "wokwi-led",
      "id": "led3",
      "top": 127.34,
      "left": -173.33,
      "attrs": { "color": "orange" }
    }
  ],
  "connections": [
    [ "pico:GP0", "$serialMonitor:RX", "", [] ],
    [ "pico:GP1", "$serialMonitor:TX", "", [] ],
    [ "pico:GP15", "led3:A", "green", [ "h0" ] ],
    [ "pico:GND.3", "led3:C", "brown", [ "h-127.98", "v82.64", "h-29.33" ] ],
    [ "pico:GP1", "led2:A", "yellow", [ "h0" ] ],
    [ "pico:GND.1", "led2:C", "cyan", [ "h0" ] ],
    [ "pico:GP5", "led1:A", "white", [ "h-36.65", "v158.91", "h196" ] ],
    [ "pico:GND.2", "led1:C", "orange", [ "h-15.98", "v135.98", "h138" ] ]
  ]
}